No,지역,지역,지역,지역,2024년 11월,2024년 12월,2025년 1월,2025년 2월,2025년 3월,2025년 4월,2025년 5월,2025년 6월,2025년 7월,2025년 8월
No,지역,지역,지역,지역,가격,가격,가격,가격,가격,가격,가격,가격,가격,가격
No,지역,지역,지역,지역,천원,천원,천원,천원,천원,천원,천원,천원,천원,천원
1,전국,전국,전국,전국,"""464,280""","""464,370""","""464,107""","""464,641""","""467,110""","""473,012""","""474,595""","""479,135""","""482,572""","""484,037"""
2,수도권,수도권,수도권,수도권,"""695,031""","""695,663""","""695,608""","""697,106""","""702,761""","""708,755""","""712,432""","""722,201""","""729,552""","""732,584"""
3,지방권,지방권,지방권,지방권,"""255,119""","""254,717""","""254,265""","""253,925""","""253,507""","""259,175""","""258,859""","""258,655""","""258,543""","""258,587"""
4,6대광역시,6대광역시,6대광역시,6대광역시,"""335,866""","""335,113""","""334,367""","""333,749""","""333,022""","""340,337""","""339,644""","""339,169""","""338,779""","""338,725"""
5,5대광역시,5대광역시,5대광역시,5대광역시,"""324,148""","""323,497""","""322,835""","""322,253""","""321,590""","""328,643""","""327,855""","""327,342""","""326,972""","""326,993"""
6,9개도,9개도,9개도,9개도,"""353,643""","""353,713""","""353,391""","""353,104""","""353,255""","""357,990""","""358,165""","""359,043""","""360,410""","""360,981"""
7,8개도,8개도,8개도,8개도,"""193,518""","""193,326""","""193,075""","""192,962""","""192,788""","""197,411""","""197,134""","""197,067""","""197,129""","""197,164"""
8,서울,서울,서울,서울,"""1,124,638""","""1,126,489""","""1,127,466""","""1,133,449""","""1,151,101""","""1,166,337""","""1,177,187""","""1,205,547""","""1,224,498""","""1,232,361"""
9,서울,강북지역,강북지역,강북지역,"""906,809""","""907,742""","""907,973""","""908,581""","""913,068""","""922,105""","""925,924""","""938,275""","""949,578""","""953,924"""
10,서울,강북지역,도심권,도심권,"""1,364,524""","""1,367,402""","""1,369,235""","""1,371,348""","""1,380,825""","""1,392,010""","""1,399,302""","""1,422,473""","""1,442,149""","""1,450,149"""
11,서울,강북지역,도심권,종로구,"""951,149""","""952,241""","""951,790""","""952,541""","""956,262""","""965,994""","""970,175""","""980,608""","""990,717""","""995,102"""
12,서울,강북지역,도심권,중구,"""1,002,000""","""1,003,636""","""1,003,692""","""1,003,953""","""1,005,262""","""1,004,414""","""1,006,207""","""1,014,577""","""1,023,315""","""1,027,423"""
13,서울,강북지역,도심권,용산구,"""1,845,894""","""1,850,623""","""1,854,954""","""1,859,119""","""1,877,510""","""1,907,684""","""1,920,691""","""1,961,625""","""1,994,513""","""2,007,329"""
14,서울,강북지역,동북권,동북권,"""809,711""","""810,364""","""810,319""","""810,583""","""813,755""","""819,965""","""822,410""","""831,032""","""840,150""","""844,186"""
15,서울,강북지역,동북권,성동구,"""1,456,752""","""1,458,733""","""1,460,167""","""1,462,662""","""1,479,133""","""1,491,938""","""1,503,659""","""1,545,796""","""1,587,493""","""1,604,327"""
16,서울,강북지역,동북권,광진구,"""1,211,554""","""1,214,547""","""1,216,282""","""1,218,316""","""1,228,955""","""1,221,661""","""1,228,285""","""1,249,742""","""1,272,970""","""1,282,997"""
17,서울,강북지역,동북권,동대문구,"""814,865""","""814,888""","""814,047""","""813,512""","""813,977""","""838,378""","""839,364""","""841,283""","""845,921""","""849,663"""
18,서울,강북지역,동북권,중랑구,"""606,419""","""606,335""","""605,751""","""605,461""","""605,551""","""616,156""","""616,182""","""616,724""","""617,758""","""618,398"""
19,서울,강북지역,동북권,성북구,"""776,378""","""776,888""","""776,679""","""776,964""","""778,096""","""789,349""","""791,566""","""796,635""","""800,422""","""801,799"""
20,서울,강북지역,동북권,강북구,"""595,845""","""595,745""","""595,276""","""594,853""","""595,115""","""591,716""","""591,746""","""593,746""","""595,519""","""596,307"""
21,서울,강북지역,동북권,도봉구,"""568,933""","""569,336""","""569,067""","""568,839""","""569,175""","""572,265""","""572,404""","""573,139""","""574,570""","""575,516"""
22,서울,강북지역,동북권,노원구,"""630,780""","""631,013""","""630,563""","""630,148""","""630,132""","""625,802""","""625,863""","""628,066""","""630,789""","""631,934"""
23,서울,강북지역,서북권,서북권,"""929,343""","""929,988""","""930,115""","""930,867""","""936,347""","""949,600""","""955,405""","""972,352""","""985,193""","""988,361"""
24,서울,강북지역,서북권,은평구,"""735,455""","""735,177""","""734,662""","""734,242""","""734,399""","""748,183""","""748,797""","""751,980""","""754,020""","""754,866"""
25,서울,강북지역,서북권,서대문구,"""859,723""","""859,951""","""860,005""","""860,342""","""862,940""","""882,121""","""884,058""","""890,437""","""895,579""","""897,721"""
26,서울,강북지역,서북권,마포구,"""1,164,206""","""1,166,041""","""1,166,812""","""1,168,977""","""1,181,725""","""1,195,046""","""1,209,032""","""1,247,945""","""1,277,505""","""1,283,716"""
27,서울,강남지역,강남지역,강남지역,"""1,336,158""","""1,338,900""","""1,340,602""","""1,351,803""","""1,382,240""","""1,402,808""","""1,420,467""","""1,464,326""","""1,490,684""","""1,501,951"""
28,서울,강남지역,서남권,서남권,"""898,533""","""899,428""","""899,599""","""900,715""","""906,849""","""915,694""","""921,873""","""934,781""","""949,562""","""954,474"""
29,서울,강남지역,서남권,양천구,"""1,202,895""","""1,205,318""","""1,206,488""","""1,209,434""","""1,226,500""","""1,242,115""","""1,260,558""","""1,289,815""","""1,323,981""","""1,332,162"""
30,서울,강남지역,서남권,강서구,"""795,467""","""796,624""","""797,231""","""797,568""","""798,389""","""804,491""","""806,423""","""809,834""","""816,018""","""819,255"""
31,서울,강남지역,서남권,구로구,"""625,685""","""625,496""","""624,890""","""624,939""","""625,150""","""629,429""","""631,291""","""633,968""","""638,876""","""641,911"""
32,서울,강남지역,서남권,금천구,"""581,965""","""582,234""","""581,569""","""581,346""","""581,712""","""584,780""","""585,151""","""586,226""","""589,037""","""591,038"""
33,서울,강남지역,서남권,영등포구,"""1,143,900""","""1,145,848""","""1,147,028""","""1,148,740""","""1,159,208""","""1,160,286""","""1,167,988""","""1,188,933""","""1,215,976""","""1,224,139"""
34,서울,강남지역,서남권,동작구,"""1,072,113""","""1,071,878""","""1,071,009""","""1,073,164""","""1,082,700""","""1,103,676""","""1,111,731""","""1,135,699""","""1,151,338""","""1,156,375"""
35,서울,강남지역,서남권,관악구,"""678,743""","""678,863""","""678,443""","""678,508""","""679,393""","""694,243""","""695,316""","""697,982""","""702,661""","""705,543"""
36,서울,강남지역,동남권,동남권,"""1,899,959""","""1,905,080""","""1,908,754""","""1,932,949""","""1,994,695""","""2,027,681""","""2,060,064""","""2,143,627""","""2,184,836""","""2,204,256"""
37,서울,강남지역,동남권,서초구,"""2,259,568""","""2,267,809""","""2,273,475""","""2,302,917""","""2,374,406""","""2,463,371""","""2,504,933""","""2,600,060""","""2,648,254""","""2,670,095"""
38,서울,강남지역,동남권,강남구,"""2,404,982""","""2,413,318""","""2,415,000""","""2,442,238""","""2,527,804""","""2,526,982""","""2,565,599""","""2,668,202""","""2,721,234""","""2,735,839"""
39,서울,강남지역,동남권,송파구,"""1,788,562""","""1,792,574""","""1,799,474""","""1,832,259""","""1,899,726""","""1,948,000""","""1,982,579""","""2,074,146""","""2,116,164""","""2,148,617"""
40,서울,강남지역,동남권,강동구,"""983,814""","""982,731""","""982,526""","""985,372""","""997,087""","""1,001,485""","""1,012,792""","""1,048,192""","""1,065,185""","""1,071,160"""
41,경기,경기,경기,경기,"""528,455""","""528,809""","""528,410""","""527,933""","""528,439""","""532,567""","""533,236""","""535,141""","""537,926""","""539,080"""
42,경기,경부1권,경부1권,경부1권,"""834,290""","""836,360""","""836,627""","""836,611""","""840,876""","""851,003""","""856,492""","""866,219""","""879,833""","""885,993"""
43,경기,경부1권,과천시,과천시,"""1,696,313""","""1,702,277""","""1,706,422""","""1,713,566""","""1,759,916""","""1,842,978""","""1,896,652""","""1,928,539""","""1,975,933""","""1,992,640"""
44,경기,경부1권,안양시,안양시,"""622,840""","""625,916""","""628,340""","""628,778""","""629,772""","""630,996""","""631,730""","""635,375""","""641,256""","""645,882"""
45,경기,경부1권,안양시,만안구,"""492,834""","""496,061""","""497,696""","""497,545""","""495,264""","""496,474""","""495,223""","""495,424""","""496,303""","""496,059"""
46,경기,경부1권,안양시,동안구,"""703,010""","""705,993""","""708,903""","""709,705""","""712,718""","""715,184""","""717,160""","""722,961""","""731,971""","""739,646"""
47,경기,경부1권,성남시,성남시,"""1,093,680""","""1,095,513""","""1,093,880""","""1,092,847""","""1,096,658""","""1,097,847""","""1,104,269""","""1,122,105""","""1,145,739""","""1,155,335"""
48,경기,경부1권,성남시,수정구,"""877,366""","""875,435""","""875,557""","""873,847""","""876,374""","""898,000""","""900,289""","""905,948""","""915,378""","""917,630"""
49,경기,경부1권,성남시,중원구,"""655,248""","""657,336""","""651,120""","""648,224""","""648,032""","""669,338""","""669,103""","""671,228""","""673,551""","""675,368"""
50,경기,경부1권,성남시,분당구,"""1,339,660""","""1,342,858""","""1,342,240""","""1,342,157""","""1,347,947""","""1,350,086""","""1,360,837""","""1,389,858""","""1,427,740""","""1,443,399"""
51,경기,경부1권,군포시,군포시,"""477,706""","""477,444""","""477,119""","""476,516""","""475,825""","""479,126""","""478,549""","""478,111""","""478,814""","""478,905"""
52,경기,경부1권,의왕시,의왕시,"""636,595""","""638,167""","""637,899""","""637,518""","""639,464""","""641,201""","""641,017""","""642,966""","""644,828""","""646,724"""
53,경기,경부2권,경부2권,경부2권,"""547,073""","""547,917""","""548,116""","""548,144""","""549,363""","""552,086""","""552,797""","""554,835""","""557,046""","""558,002"""
54,경기,경부2권,안성시,안성시,"""178,022""","""177,630""","""177,234""","""176,662""","""175,667""","""181,947""","""181,059""","""180,718""","""180,293""","""180,066"""
55,경기,경부2권,용인시,용인시,"""619,225""","""619,864""","""619,735""","""619,887""","""622,134""","""621,949""","""623,235""","""626,450""","""629,240""","""630,071"""
56,경기,경부2권,용인시,처인구,"""325,970""","""325,595""","""325,197""","""324,820""","""324,165""","""331,552""","""330,792""","""330,636""","""331,175""","""331,090"""
57,경기,경부2권,용인시,기흥구,"""576,694""","""577,374""","""576,570""","""576,036""","""576,510""","""576,374""","""575,362""","""576,328""","""577,299""","""577,116"""
58,경기,경부2권,용인시,수지구,"""805,046""","""806,144""","""806,804""","""807,882""","""813,280""","""819,573""","""824,216""","""831,438""","""837,216""","""839,536"""
59,경기,경부2권,수원시,수원시,"""551,325""","""552,589""","""553,198""","""553,228""","""553,932""","""560,902""","""561,404""","""562,841""","""565,043""","""566,340"""
60,경기,경부2권,수원시,장안구,"""481,676""","""482,717""","""483,753""","""484,253""","""484,629""","""497,546""","""497,987""","""498,529""","""499,824""","""500,348"""
61,경기,경부2권,수원시,권선구,"""442,073""","""442,391""","""442,724""","""443,038""","""442,897""","""443,093""","""442,522""","""442,802""","""443,127""","""443,534"""
62,경기,경부2권,수원시,팔달구,"""481,423""","""481,063""","""480,873""","""480,681""","""481,015""","""509,874""","""509,987""","""511,331""","""513,499""","""515,122"""
63,경기,경부2권,수원시,영통구,"""721,145""","""724,073""","""724,968""","""724,536""","""726,331""","""728,065""","""729,692""","""732,769""","""737,196""","""739,629"""
64,경기,서해안권,서해안권,서해안권,"""450,226""","""450,300""","""449,538""","""448,576""","""447,865""","""450,555""","""450,108""","""449,844""","""450,388""","""450,243"""
65,경기,서해안권,부천시,부천시,"""478,732""","""479,129""","""479,510""","""479,745""","""479,473""","""483,105""","""482,260""","""481,560""","""481,001""","""481,060"""
66,경기,서해안권,부천시,원미구,"""530,920""","""531,473""","""532,087""","""532,939""","""533,035""","""534,966""","""534,017""","""533,013""","""532,642""","""532,935"""
67,경기,서해안권,부천시,(구)원미구,,,,,,,,,,
68,경기,서해안권,부천시,소사구,"""462,190""","""462,697""","""462,928""","""462,339""","""461,301""","""469,004""","""468,216""","""467,780""","""466,635""","""465,504"""
69,경기,서해안권,부천시,(구)소사구,,,,,,,,,,
70,경기,서해안권,부천시,오정구,"""306,123""","""305,632""","""305,421""","""305,088""","""305,123""","""312,881""","""312,305""","""312,169""","""312,271""","""314,254"""
71,경기,서해안권,부천시,(구)오정구,,,,,,,,,,
72,경기,서해안권,안산시,안산시,"""432,697""","""432,871""","""432,516""","""432,160""","""431,536""","""430,185""","""429,665""","""429,057""","""429,074""","""428,965"""
73,경기,서해안권,안산시,상록구,"""412,706""","""412,969""","""412,448""","""411,983""","""411,277""","""411,353""","""410,840""","""409,816""","""409,721""","""409,311"""
74,경기,서해안권,안산시,단원구,"""449,061""","""449,162""","""448,943""","""448,677""","""448,120""","""445,408""","""444,881""","""444,610""","""444,719""","""444,852"""
75,경기,서해안권,시흥시,시흥시,"""372,784""","""372,439""","""372,288""","""371,698""","""372,119""","""373,436""","""373,528""","""373,191""","""372,889""","""371,780"""
76,경기,서해안권,광명시,광명시,"""723,506""","""724,234""","""720,615""","""715,472""","""711,895""","""707,825""","""707,778""","""710,125""","""716,385""","""720,728"""
77,경기,서해안권,화성시,화성시,"""542,312""","""542,999""","""542,766""","""542,974""","""543,166""","""547,923""","""548,510""","""548,950""","""550,882""","""550,774"""
78,경기,서해안권,오산시,오산시,"""335,170""","""335,045""","""334,619""","""334,184""","""333,147""","""341,194""","""340,884""","""340,734""","""340,677""","""340,519"""
79,경기,서해안권,평택시,평택시,"""291,139""","""290,119""","""288,116""","""285,778""","""284,265""","""292,347""","""290,266""","""288,355""","""286,496""","""284,280"""
80,경기,동부1권,동부1권,동부1권,"""582,691""","""582,230""","""581,227""","""580,861""","""581,477""","""589,515""","""589,584""","""591,314""","""593,111""","""594,736"""
81,경기,동부1권,남양주시,남양주시,"""456,428""","""456,128""","""455,739""","""455,483""","""455,246""","""467,131""","""466,652""","""467,056""","""468,062""","""468,792"""
82,경기,동부1권,구리시,구리시,"""625,477""","""624,894""","""624,527""","""624,106""","""624,591""","""636,302""","""636,085""","""636,589""","""636,486""","""636,742"""
83,경기,동부1권,하남시,하남시,"""942,619""","""941,441""","""939,140""","""939,208""","""941,377""","""947,252""","""949,223""","""955,702""","""961,038""","""966,408"""
84,경기,동부1권,광주시,광주시,"""414,074""","""414,171""","""412,759""","""411,741""","""412,542""","""418,885""","""418,296""","""418,730""","""420,004""","""420,646"""
85,경기,동부2권,동부2권,동부2권,"""217,520""","""217,114""","""216,349""","""216,006""","""215,051""","""221,542""","""221,051""","""220,870""","""220,341""","""219,894"""
86,경기,동부2권,이천시,이천시,"""233,668""","""232,996""","""231,866""","""231,259""","""230,203""","""231,179""","""230,165""","""229,345""","""228,323""","""227,854"""
87,경기,동부2권,여주시,여주시,"""172,340""","""172,173""","""172,291""","""172,597""","""171,616""","""184,663""","""184,455""","""184,798""","""184,898""","""184,476"""
88,경기,경의권,경의권,경의권,"""473,151""","""472,371""","""471,599""","""470,709""","""468,946""","""469,413""","""468,113""","""467,062""","""465,993""","""464,916"""
89,경기,경의권,김포시,김포시,"""451,591""","""450,882""","""449,541""","""447,640""","""445,102""","""446,453""","""444,857""","""443,606""","""443,391""","""442,837"""
90,경기,경의권,고양시,고양시,"""524,176""","""523,179""","""522,212""","""521,547""","""519,882""","""520,425""","""519,167""","""518,159""","""516,859""","""515,694"""
91,경기,경의권,고양시,덕양구,"""522,109""","""521,267""","""520,145""","""518,888""","""515,745""","""520,318""","""520,033""","""520,190""","""521,063""","""521,244"""
92,경기,경의권,고양시,일산동구,"""606,543""","""605,199""","""603,998""","""603,475""","""601,895""","""597,908""","""595,044""","""592,464""","""587,956""","""585,480"""
93,경기,경의권,고양시,일산서구,"""461,613""","""460,708""","""460,106""","""460,018""","""460,004""","""458,074""","""456,961""","""455,842""","""454,556""","""452,856"""
94,경기,경의권,파주시,파주시,"""357,533""","""357,267""","""357,695""","""357,359""","""356,225""","""359,143""","""358,062""","""357,122""","""355,710""","""354,273"""
95,경기,경원권,경원권,경원권,"""264,822""","""264,988""","""264,638""","""264,174""","""264,096""","""274,511""","""274,140""","""273,926""","""273,841""","""273,997"""
96,경기,경원권,포천시,포천시,"""159,038""","""158,897""","""158,633""","""158,346""","""158,163""","""166,495""","""166,724""","""166,597""","""167,041""","""166,990"""
97,경기,경원권,동두천시,동두천시,"""172,337""","""172,396""","""172,179""","""172,003""","""171,857""","""174,741""","""174,681""","""174,687""","""174,394""","""174,078"""
98,경기,경원권,양주시,양주시,"""265,962""","""266,484""","""266,518""","""266,238""","""266,626""","""281,510""","""281,040""","""280,730""","""280,500""","""280,526"""
99,경기,경원권,의정부시,의정부시,"""321,599""","""321,654""","""320,993""","""320,274""","""319,948""","""330,561""","""329,995""","""329,754""","""329,687""","""330,136"""
100,인천,인천,인천,인천,"""379,203""","""378,074""","""377,016""","""376,267""","""375,301""","""383,206""","""382,862""","""382,525""","""382,060""","""381,730"""
101,인천,중구,중구,중구,"""324,684""","""323,149""","""321,758""","""321,429""","""321,164""","""328,038""","""328,189""","""327,083""","""326,320""","""326,205"""
102,인천,동구,동구,동구,"""186,364""","""186,272""","""185,847""","""185,716""","""185,378""","""188,138""","""187,768""","""187,869""","""188,247""","""188,523"""
103,인천,남구,남구,남구,,,,,,,,,,
104,인천,미추홀구,미추홀구,미추홀구,"""270,401""","""269,397""","""268,603""","""268,082""","""267,788""","""287,843""","""288,050""","""287,677""","""287,099""","""286,770"""
105,인천,연수구,연수구,연수구,"""610,118""","""608,280""","""606,566""","""605,230""","""602,627""","""603,914""","""601,238""","""598,619""","""597,781""","""596,781"""
106,인천,남동구,남동구,남동구,"""353,238""","""351,593""","""349,934""","""348,928""","""348,565""","""350,892""","""350,890""","""351,373""","""351,520""","""351,644"""
107,인천,부평구,부평구,부평구,"""345,267""","""344,487""","""344,646""","""344,354""","""344,380""","""353,376""","""353,785""","""353,879""","""353,841""","""353,650"""
108,인천,계양구,계양구,계양구,"""273,452""","""272,880""","""271,463""","""270,560""","""269,698""","""274,597""","""274,530""","""274,865""","""274,413""","""274,857"""
109,인천,서구,서구,서구,"""427,499""","""426,643""","""425,715""","""424,969""","""423,194""","""432,640""","""432,706""","""433,154""","""432,172""","""431,250"""
110,부산,부산,부산,부산,"""358,984""","""358,262""","""357,728""","""357,220""","""356,615""","""363,562""","""362,990""","""362,543""","""362,592""","""362,893"""
111,부산,중부산권,중부산권,중부산권,"""357,884""","""357,285""","""357,023""","""356,858""","""356,417""","""363,770""","""363,046""","""362,628""","""362,934""","""363,569"""
112,부산,중부산권,중구,중구,"""163,627""","""163,385""","""163,520""","""163,322""","""163,232""","""161,549""","""161,668""","""161,512""","""161,195""","""161,451"""
113,부산,중부산권,서구,서구,"""322,999""","""322,480""","""322,176""","""321,763""","""321,448""","""328,505""","""328,308""","""327,541""","""327,529""","""327,173"""
114,부산,중부산권,동구,동구,"""261,795""","""261,286""","""260,747""","""259,972""","""259,158""","""265,487""","""264,460""","""263,180""","""262,956""","""264,035"""
115,부산,중부산권,영도구,영도구,"""193,643""","""193,518""","""193,156""","""192,876""","""192,588""","""200,741""","""200,661""","""200,529""","""200,183""","""200,144"""
116,부산,중부산권,부산진구,부산진구,"""268,984""","""268,417""","""267,647""","""267,660""","""266,691""","""280,016""","""279,340""","""278,480""","""277,967""","""277,286"""
117,부산,중부산권,남구,남구,"""430,851""","""429,785""","""429,926""","""430,188""","""429,850""","""430,525""","""429,534""","""429,214""","""430,268""","""432,626"""
118,부산,중부산권,연제구,연제구,"""415,444""","""414,039""","""412,977""","""412,356""","""411,935""","""412,745""","""412,432""","""412,023""","""411,863""","""412,432"""
119,부산,중부산권,수영구,수영구,"""585,315""","""585,739""","""586,908""","""586,900""","""587,147""","""600,723""","""598,943""","""599,521""","""601,880""","""603,542"""
120,부산,동부산권,동부산권,동부산권,"""442,969""","""441,985""","""441,219""","""440,252""","""439,587""","""445,176""","""444,722""","""444,380""","""444,775""","""445,690"""
121,부산,동부산권,해운대구,해운대구,"""568,149""","""566,739""","""565,485""","""563,682""","""563,368""","""574,446""","""574,547""","""574,564""","""576,570""","""579,207"""
122,부산,동부산권,금정구,금정구,"""361,697""","""361,207""","""360,505""","""359,990""","""359,245""","""359,315""","""358,349""","""357,697""","""357,251""","""356,985"""
123,부산,동부산권,동래구,동래구,"""440,484""","""439,458""","""438,837""","""438,422""","""437,350""","""444,288""","""443,410""","""442,924""","""441,780""","""441,749"""
124,부산,동부산권,기장군,기장군,"""294,453""","""293,805""","""293,711""","""293,082""","""292,397""","""288,104""","""287,742""","""287,245""","""287,628""","""287,836"""
125,부산,서부산권,서부산권,서부산권,"""269,443""","""268,826""","""268,154""","""267,648""","""266,875""","""274,583""","""274,104""","""273,501""","""272,800""","""271,945"""
126,부산,서부산권,북구,북구,"""292,367""","""291,836""","""290,962""","""291,107""","""290,884""","""297,488""","""297,327""","""297,370""","""297,429""","""296,760"""
127,부산,서부산권,강서구,강서구,"""415,786""","""414,731""","""413,548""","""412,378""","""409,727""","""428,262""","""426,942""","""425,405""","""423,447""","""421,586"""
128,부산,서부산권,사상구,사상구,"""204,856""","""204,212""","""203,828""","""203,137""","""202,540""","""213,034""","""212,436""","""211,368""","""210,598""","""210,242"""
129,부산,서부산권,사하구,사하구,"""225,496""","""225,023""","""224,576""","""223,900""","""223,363""","""224,365""","""224,074""","""223,651""","""222,869""","""221,941"""
130,대구,대구,대구,대구,"""320,683""","""319,421""","""317,935""","""316,796""","""315,490""","""324,545""","""323,333""","""322,791""","""322,015""","""321,678"""
131,대구,중구,중구,중구,"""415,460""","""414,145""","""412,526""","""411,332""","""409,922""","""430,918""","""429,685""","""429,056""","""428,771""","""429,189"""
132,대구,동구,동구,동구,"""261,974""","""260,817""","""259,478""","""258,772""","""257,915""","""267,191""","""266,326""","""266,043""","""265,926""","""265,986"""
133,대구,서구,서구,서구,"""261,967""","""260,787""","""259,492""","""257,636""","""256,137""","""255,652""","""254,069""","""252,992""","""251,916""","""250,909"""
134,대구,남구,남구,남구,"""293,143""","""291,663""","""290,413""","""289,395""","""287,952""","""294,870""","""293,512""","""292,710""","""291,623""","""291,008"""
135,대구,북구,북구,북구,"""243,771""","""243,147""","""241,948""","""240,327""","""238,747""","""241,523""","""240,131""","""239,618""","""238,873""","""238,334"""
136,대구,수성구,수성구,수성구,"""544,398""","""543,116""","""540,282""","""538,507""","""535,662""","""551,787""","""550,353""","""549,744""","""549,497""","""549,909"""
137,대구,달서구,달서구,달서구,"""295,213""","""293,606""","""292,522""","""291,869""","""291,422""","""298,454""","""297,143""","""296,608""","""294,862""","""293,785"""
138,대구,달성군,달성군,달성군,"""227,503""","""225,932""","""224,921""","""224,296""","""223,713""","""229,063""","""228,395""","""227,973""","""227,347""","""227,100"""
139,광주,광주,광주,광주,"""272,765""","""272,377""","""271,928""","""271,348""","""270,701""","""276,211""","""275,128""","""274,275""","""273,596""","""273,278"""
140,광주,동구,동구,동구,"""322,299""","""321,434""","""320,447""","""319,923""","""319,164""","""326,682""","""323,868""","""321,982""","""321,595""","""321,395"""
141,광주,서구,서구,서구,"""295,148""","""294,704""","""294,153""","""293,218""","""292,594""","""298,043""","""296,260""","""295,038""","""293,931""","""293,550"""
142,광주,남구,남구,남구,"""322,724""","""322,271""","""321,722""","""320,686""","""319,561""","""323,387""","""323,198""","""322,233""","""321,185""","""320,282"""
143,광주,북구,북구,북구,"""219,505""","""219,196""","""218,897""","""218,488""","""218,144""","""225,031""","""224,516""","""224,258""","""224,003""","""223,515"""
144,광주,광산구,광산구,광산구,"""260,350""","""260,137""","""259,878""","""259,687""","""259,046""","""262,977""","""261,966""","""261,254""","""260,610""","""260,860"""
145,대전,대전,대전,대전,"""337,140""","""336,680""","""336,203""","""335,687""","""335,024""","""338,759""","""337,631""","""336,728""","""335,742""","""335,344"""
146,대전,동구,동구,동구,"""252,245""","""251,852""","""251,230""","""250,666""","""249,571""","""253,668""","""253,059""","""252,363""","""251,946""","""251,437"""
147,대전,중구,중구,중구,"""311,689""","""310,282""","""309,405""","""308,870""","""307,582""","""314,246""","""312,559""","""310,520""","""309,655""","""309,471"""
148,대전,서구,서구,서구,"""369,181""","""369,015""","""368,994""","""368,255""","""368,253""","""367,597""","""367,158""","""366,657""","""365,730""","""365,232"""
149,대전,유성구,유성구,유성구,"""440,733""","""440,605""","""439,831""","""439,431""","""438,532""","""445,295""","""442,970""","""442,057""","""440,291""","""439,800"""
150,대전,대덕구,대덕구,대덕구,"""218,374""","""217,792""","""217,504""","""217,333""","""216,909""","""223,286""","""222,848""","""222,268""","""221,702""","""221,532"""
151,울산,울산,울산,울산,"""284,187""","""284,379""","""284,471""","""284,711""","""285,145""","""294,859""","""295,129""","""295,431""","""295,837""","""296,755"""
152,울산,중구,중구,중구,"""321,980""","""322,873""","""323,667""","""324,429""","""325,575""","""331,687""","""332,360""","""333,261""","""334,429""","""335,319"""
153,울산,남구,남구,남구,"""382,582""","""382,563""","""382,456""","""382,729""","""382,895""","""392,797""","""393,518""","""394,125""","""395,070""","""397,094"""
154,울산,동구,동구,동구,"""190,115""","""190,195""","""190,087""","""190,063""","""189,772""","""212,292""","""211,567""","""210,672""","""210,040""","""209,719"""
155,울산,북구,북구,북구,"""255,677""","""255,824""","""256,010""","""256,172""","""256,967""","""265,724""","""266,284""","""266,597""","""267,030""","""267,802"""
156,울산,울주군,울주군,울주군,"""225,230""","""225,240""","""225,053""","""225,094""","""225,461""","""231,300""","""231,112""","""231,459""","""231,307""","""231,940"""
157,세종,세종,세종,세종,"""517,306""","""516,282""","""514,642""","""513,040""","""510,958""","""516,294""","""525,480""","""528,197""","""528,760""","""529,573"""
158,강원,강원,강원,강원,"""185,752""","""185,597""","""185,315""","""185,307""","""185,241""","""189,119""","""188,649""","""188,573""","""188,397""","""188,059"""
159,강원,춘천시,춘천시,춘천시,"""245,495""","""245,733""","""245,990""","""246,460""","""247,037""","""249,303""","""249,669""","""250,019""","""249,737""","""249,306"""
160,강원,원주시,원주시,원주시,"""196,776""","""197,024""","""196,528""","""196,518""","""195,972""","""201,448""","""200,723""","""200,651""","""200,369""","""199,703"""
161,강원,강릉시,강릉시,강릉시,"""196,983""","""196,062""","""195,299""","""194,919""","""194,559""","""198,419""","""197,227""","""197,089""","""196,512""","""195,912"""
162,강원,동해시,동해시,동해시,"""128,151""","""127,817""","""127,768""","""127,902""","""128,161""","""130,078""","""129,755""","""129,325""","""129,645""","""129,916"""
163,강원,태백시,태백시,태백시,"""91,867""","""91,647""","""91,323""","""90,988""","""90,957""","""90,275""","""90,115""","""90,018""","""90,103""","""89,958"""
164,강원,속초시,속초시,속초시,"""221,458""","""220,328""","""219,508""","""219,000""","""218,622""","""223,057""","""221,501""","""220,628""","""220,442""","""220,263"""
165,강원,삼척시,삼척시,삼척시,"""100,823""","""101,021""","""101,148""","""101,372""","""101,401""","""112,064""","""112,183""","""112,554""","""112,708""","""112,779"""
166,충북,충북,충북,충북,"""202,133""","""201,954""","""201,614""","""201,656""","""201,530""","""204,799""","""204,617""","""204,906""","""205,389""","""205,616"""
167,충북,(구)청주시,(구)청주시,(구)청주시,,,,,,,,,,
168,충북,(구)청주시,(구)상당구,(구)상당구,,,,,,,,,,
169,충북,(구)청주시,(구)흥덕구,(구)흥덕구,,,,,,,,,,
170,충북,청주시,청주시,청주시,"""225,341""","""225,242""","""224,705""","""224,842""","""224,800""","""228,717""","""228,566""","""229,039""","""229,786""","""230,332"""
171,충북,청주시,상당구,상당구,"""200,711""","""200,634""","""200,584""","""200,288""","""200,643""","""207,785""","""207,438""","""207,762""","""208,468""","""209,134"""
172,충북,청주시,서원구,서원구,"""189,137""","""189,176""","""188,854""","""189,115""","""189,106""","""186,412""","""186,564""","""186,479""","""186,730""","""186,397"""
173,충북,청주시,흥덕구,흥덕구,"""280,572""","""280,604""","""279,306""","""280,013""","""279,859""","""283,977""","""283,777""","""284,936""","""286,651""","""288,299"""
174,충북,청주시,청원구,청원구,"""216,050""","""215,603""","""215,351""","""215,033""","""214,694""","""220,006""","""219,798""","""220,082""","""220,070""","""219,921"""
175,충북,충주시,충주시,충주시,"""182,003""","""181,889""","""182,041""","""181,857""","""181,788""","""184,608""","""184,248""","""184,047""","""183,977""","""183,819"""
176,충북,제천시,제천시,제천시,"""164,032""","""163,814""","""163,955""","""163,795""","""163,819""","""164,085""","""164,400""","""164,772""","""165,263""","""165,333"""
177,충북,(구)청원군,(구)청원군,(구)청원군,,,,,,,,,,
178,충북,음성군,음성군,음성군,"""131,146""","""130,753""","""130,381""","""130,414""","""129,358""","""128,063""","""127,709""","""127,259""","""126,991""","""125,922"""
179,충남,충남,충남,충남,"""196,400""","""196,369""","""196,113""","""195,903""","""195,584""","""201,891""","""201,573""","""201,394""","""201,387""","""201,149"""
180,충남,천안시,천안시,천안시,"""242,353""","""242,022""","""241,366""","""240,991""","""239,969""","""246,194""","""245,419""","""245,068""","""244,823""","""244,134"""
181,충남,천안시,동남구,동남구,"""207,762""","""207,451""","""206,737""","""206,400""","""205,500""","""212,612""","""211,879""","""211,079""","""210,906""","""210,383"""
182,충남,천안시,서북구,서북구,"""266,421""","""266,076""","""265,461""","""265,059""","""263,953""","""270,000""","""269,194""","""269,161""","""268,865""","""268,059"""
183,충남,공주시,공주시,공주시,"""169,107""","""169,391""","""169,559""","""169,270""","""169,003""","""171,385""","""171,010""","""170,903""","""170,676""","""170,879"""
184,충남,보령시,보령시,보령시,"""173,040""","""173,382""","""173,994""","""174,153""","""174,318""","""174,620""","""174,563""","""174,339""","""174,561""","""174,466"""
185,충남,아산시,아산시,아산시,"""201,024""","""200,800""","""200,618""","""200,268""","""200,305""","""206,934""","""206,712""","""206,481""","""206,345""","""206,335"""
186,충남,서산시,서산시,서산시,"""168,265""","""169,036""","""169,181""","""169,439""","""169,933""","""179,406""","""179,767""","""179,999""","""180,688""","""180,472"""
187,충남,논산시,논산시,논산시,"""165,211""","""165,655""","""165,928""","""166,069""","""166,249""","""167,378""","""167,850""","""167,862""","""167,716""","""168,008"""
188,충남,계룡시,계룡시,계룡시,"""189,918""","""189,603""","""189,568""","""189,456""","""189,176""","""198,190""","""197,501""","""197,349""","""196,827""","""196,227"""
189,충남,연기군,연기군,연기군,,,,,,,,,,
190,충남,홍성군,홍성군,홍성군,"""161,320""","""161,001""","""160,411""","""159,921""","""159,311""","""166,716""","""165,774""","""165,314""","""165,442""","""165,174"""
191,충남,예산군,예산군,예산군,"""123,020""","""122,689""","""122,391""","""122,173""","""122,345""","""133,265""","""132,974""","""132,794""","""132,219""","""132,019"""
192,충남,당진시,당진시,당진시,"""150,422""","""150,752""","""150,254""","""150,106""","""149,974""","""158,755""","""159,060""","""159,141""","""159,984""","""160,456"""
193,전북,전북,전북,전북,"""184,724""","""184,419""","""184,224""","""184,414""","""184,610""","""188,855""","""189,062""","""189,524""","""189,846""","""190,255"""
194,전북,전주시,전주시,전주시,"""237,426""","""237,221""","""237,237""","""238,100""","""238,785""","""242,392""","""242,991""","""244,036""","""244,848""","""245,897"""
195,전북,전주시,완산구,완산구,"""223,356""","""222,937""","""222,664""","""223,750""","""224,379""","""228,109""","""228,598""","""229,693""","""230,284""","""231,144"""
196,전북,전주시,덕진구,덕진구,"""252,336""","""252,358""","""252,680""","""253,306""","""254,052""","""257,680""","""258,396""","""259,388""","""260,436""","""261,688"""
197,전북,군산시,군산시,군산시,"""146,692""","""146,441""","""146,228""","""146,032""","""145,679""","""151,330""","""151,306""","""151,336""","""151,280""","""151,341"""
198,전북,익산시,익산시,익산시,"""151,525""","""150,513""","""149,417""","""148,584""","""148,143""","""148,297""","""148,063""","""148,049""","""147,776""","""147,024"""
199,전북,정읍시,정읍시,정읍시,"""134,116""","""134,178""","""134,298""","""134,259""","""134,525""","""149,053""","""149,056""","""149,256""","""149,444""","""149,660"""
200,전북,남원시,남원시,남원시,"""136,827""","""136,258""","""136,322""","""136,244""","""136,264""","""141,295""","""141,311""","""140,925""","""140,605""","""140,956"""
201,전북,김제시,김제시,김제시,"""116,863""","""116,855""","""117,055""","""116,968""","""116,878""","""120,561""","""120,250""","""120,085""","""120,262""","""120,470"""
202,전남,전남,전남,전남,"""172,059""","""171,837""","""171,548""","""171,345""","""170,901""","""175,267""","""174,689""","""174,271""","""173,932""","""173,677"""
203,전남,목포시,목포시,목포시,"""137,973""","""137,960""","""137,895""","""138,110""","""138,662""","""142,256""","""142,013""","""142,050""","""142,266""","""142,440"""
204,전남,여수시,여수시,여수시,"""204,607""","""204,498""","""204,155""","""203,884""","""203,681""","""203,608""","""202,969""","""202,169""","""201,654""","""201,059"""
205,전남,순천시,순천시,순천시,"""215,957""","""215,397""","""214,770""","""214,363""","""213,157""","""221,536""","""220,746""","""220,231""","""219,648""","""219,226"""
206,전남,나주시,나주시,나주시,"""194,700""","""194,467""","""194,088""","""194,006""","""193,304""","""195,389""","""194,157""","""193,454""","""192,553""","""192,384"""
207,전남,광양시,광양시,광양시,"""103,075""","""102,768""","""102,524""","""101,952""","""101,083""","""109,385""","""108,848""","""108,410""","""108,096""","""107,729"""
208,전남,무안군,무안군,무안군,"""210,025""","""209,899""","""209,864""","""209,870""","""209,426""","""215,941""","""215,625""","""215,441""","""215,100""","""215,093"""
209,경북,경북,경북,경북,"""163,282""","""163,047""","""162,905""","""162,675""","""162,462""","""167,461""","""167,014""","""166,785""","""166,803""","""166,971"""
210,경북,포항시,포항시,포항시,"""180,895""","""180,169""","""179,771""","""179,152""","""178,519""","""182,899""","""181,848""","""180,905""","""180,486""","""180,211"""
211,경북,포항시,남구,남구,"""195,034""","""194,458""","""194,102""","""193,586""","""193,173""","""194,095""","""192,339""","""191,315""","""190,989""","""190,771"""
212,경북,포항시,북구,북구,"""170,522""","""169,686""","""169,257""","""168,562""","""167,769""","""174,714""","""174,179""","""173,294""","""172,808""","""172,490"""
213,경북,경주시,경주시,경주시,"""153,507""","""152,962""","""152,540""","""152,368""","""152,043""","""161,265""","""160,782""","""160,421""","""160,460""","""160,373"""
214,경북,김천시,김천시,김천시,"""175,130""","""175,102""","""175,729""","""176,024""","""176,058""","""184,729""","""184,779""","""184,843""","""184,871""","""185,113"""
215,경북,안동시,안동시,안동시,"""161,917""","""161,809""","""162,022""","""162,195""","""162,539""","""166,135""","""167,061""","""167,857""","""168,934""","""170,300"""
216,경북,구미시,구미시,구미시,"""162,035""","""161,920""","""161,090""","""160,376""","""159,876""","""164,257""","""163,535""","""163,005""","""162,750""","""162,509"""
217,경북,영주시,영주시,영주시,"""141,499""","""141,967""","""142,628""","""143,265""","""144,087""","""145,538""","""145,999""","""147,006""","""147,976""","""148,223"""
218,경북,영천시,영천시,영천시,"""108,225""","""109,098""","""109,549""","""109,368""","""109,264""","""111,898""","""112,005""","""111,914""","""111,799""","""112,003"""
219,경북,상주시,상주시,상주시,"""147,318""","""148,635""","""149,631""","""150,595""","""151,247""","""152,258""","""152,839""","""153,356""","""154,124""","""155,371"""
220,경북,문경시,문경시,문경시,"""174,711""","""176,137""","""178,817""","""180,111""","""182,261""","""183,630""","""184,430""","""185,733""","""187,372""","""188,859"""
221,경북,경산시,경산시,경산시,"""177,709""","""177,380""","""176,830""","""176,301""","""175,564""","""182,188""","""181,221""","""181,142""","""181,049""","""181,297"""
222,경북,칠곡군,칠곡군,칠곡군,"""122,194""","""121,964""","""121,583""","""121,492""","""121,436""","""123,964""","""123,366""","""122,816""","""122,280""","""122,339"""
223,경남,경남,경남,경남,"""215,215""","""215,033""","""214,791""","""214,610""","""214,449""","""219,298""","""219,112""","""218,994""","""219,135""","""219,310"""
224,경남,창원시,창원시,창원시,"""259,663""","""259,686""","""259,464""","""259,196""","""258,663""","""262,142""","""261,813""","""261,618""","""262,267""","""262,772"""
225,경남,창원시,의창구,의창구,"""321,985""","""322,210""","""322,388""","""322,384""","""322,299""","""329,306""","""329,040""","""328,991""","""331,326""","""331,869"""
226,경남,창원시,성산구,성산구,"""338,153""","""338,136""","""337,593""","""337,079""","""336,069""","""336,795""","""336,101""","""335,754""","""336,773""","""338,049"""
227,경남,창원시,마산합포구,마산합포구,"""202,909""","""202,592""","""201,932""","""201,661""","""200,990""","""209,503""","""208,930""","""208,565""","""208,492""","""208,644"""
228,경남,창원시,마산회원구,마산회원구,"""189,625""","""189,792""","""189,795""","""189,573""","""189,010""","""190,959""","""191,295""","""191,366""","""191,715""","""192,323"""
229,경남,창원시,진해구,진해구,"""209,145""","""209,238""","""209,370""","""209,213""","""209,202""","""211,068""","""210,828""","""210,640""","""210,273""","""209,794"""
230,경남,진주시,진주시,진주시,"""246,391""","""246,693""","""247,039""","""247,661""","""248,835""","""256,123""","""256,761""","""257,332""","""257,875""","""258,770"""
231,경남,통영시,통영시,통영시,"""166,707""","""166,455""","""166,436""","""166,182""","""165,181""","""171,672""","""170,993""","""170,786""","""170,163""","""169,405"""
232,경남,사천시,사천시,사천시,"""122,925""","""123,141""","""123,102""","""123,067""","""122,929""","""126,632""","""126,530""","""126,256""","""126,134""","""125,972"""
233,경남,김해시,김해시,김해시,"""210,713""","""210,041""","""209,530""","""209,165""","""209,011""","""214,207""","""214,034""","""213,629""","""212,920""","""212,613"""
234,경남,밀양시,밀양시,밀양시,"""167,805""","""168,273""","""168,467""","""168,412""","""168,960""","""170,371""","""171,120""","""171,192""","""171,710""","""171,623"""
235,경남,거제시,거제시,거제시,"""134,394""","""133,433""","""132,753""","""132,137""","""131,781""","""139,564""","""139,101""","""139,004""","""138,792""","""138,496"""
236,경남,양산시,양산시,양산시,"""199,415""","""199,154""","""198,767""","""198,721""","""198,852""","""205,622""","""205,314""","""205,258""","""205,196""","""205,335"""
237,제주,제주,제주,제주,"""295,037""","""294,485""","""293,857""","""293,423""","""292,813""","""296,156""","""295,581""","""294,976""","""294,335""","""293,820"""
238,제주,제주시,제주시,제주시,"""326,180""","""325,529""","""324,712""","""324,266""","""323,649""","""325,701""","""325,106""","""324,492""","""323,889""","""323,345"""
239,제주,서귀포시,서귀포시,서귀포시,"""229,340""","""228,996""","""228,767""","""228,356""","""227,762""","""233,473""","""232,939""","""232,355""","""231,632""","""231,178"""
